Id,firstName,lastName,salary,managerId
1,name,name,50,1
2,name,name,50,1
3,name,name,50,1
4,name,name,50,1
5,name,name,50,1
6,name,name,50,1
7,name,name,50,1
8,name,name,50,1
9,name,name,50,1
10,name,name,50,1
11,name,name,50,1
12,name,name,50,1
13,name,name,50,1
14,name,name,50,1
15,name,name,50,1
16,name,name,50,1
17,name,name,50,1
18,name,name,50,1
19,name,name,50,1
20,name,name,50,1
21,name,name,50,1
22,name,name,50,1
23,name,name,50,1
24,name,name,50,1
25,name,name,50,1
26,name,name,50,1
27,name,name,50,1
28,name,name,50,1
29,name,name,50,1
30,name,name,50,1
31,name,name,50,1
32,name,name,50,1
33,name,name,50,1
34,name,name,50,1
35,name,name,50,1
36,name,name,50,1
37,name,name,50,1
38,name,name,50,1
39,name,name,50,1
40,name,name,50,1
41,name,name,50,1
42,name,name,50,1
43,name,name,50,1
44,name,name,50,1
45,name,name,50,1
46,name,name,50,1
47,name,name,50,1
48,name,name,50,1
49,name,name,50,1
50,name,name,50,1
51,name,name,50,1
52,name,name,50,1
53,name,name,50,1
54,name,name,50,1
55,name,name,50,1
56,name,name,50,1
57,name,name,50,1
58,name,name,50,1
59,name,name,50,1
60,name,name,50,1
61,name,name,50,1
62,name,name,50,1
63,name,name,50,1
64,name,name,50,1
65,name,name,50,1
66,name,name,50,1
67,name,name,50,1
68,name,name,50,1
69,name,name,50,1
70,name,name,50,1
71,name,name,50,1
72,name,name,50,1
73,name,name,50,1
74,name,name,50,1
75,name,name,50,1
76,name,name,50,1
77,name,name,50,1
78,name,name,50,1
79,name,name,50,1
80,name,name,50,1
81,name,name,50,1
82,name,name,50,1
83,name,name,50,1
84,name,name,50,1
85,name,name,50,1
86,name,name,50,1
87,name,name,50,1
88,name,name,50,1
89,name,name,50,1
90,name,name,50,1
91,name,name,50,1
92,name,name,50,1
93,name,name,50,1
94,name,name,50,1
95,name,name,50,1
96,name,name,50,1
97,name,name,50,1
98,name,name,50,1
99,name,name,50,1
100,name,name,50,1
101,name,name,50,1
102,name,name,50,1
103,name,name,50,1
104,name,name,50,1
105,name,name,50,1
106,name,name,50,1
107,name,name,50,1
108,name,name,50,1
109,name,name,50,1
110,name,name,50,1
111,name,name,50,1
112,name,name,50,1
113,name,name,50,1
114,name,name,50,1
115,name,name,50,1
116,name,name,50,1
117,name,name,50,1
118,name,name,50,1
119,name,name,50,1
120,name,name,50,1
121,name,name,50,1
122,name,name,50,1
123,name,name,50,1
124,name,name,50,1
125,name,name,50,1
126,name,name,50,1
127,name,name,50,1
128,name,name,50,1
129,name,name,50,1
130,name,name,50,1
131,name,name,50,1
132,name,name,50,1
133,name,name,50,1
134,name,name,50,1
135,name,name,50,1
136,name,name,50,1
137,name,name,50,1
138,name,name,50,1
139,name,name,50,1
140,name,name,50,1
141,name,name,50,1
142,name,name,50,1
143,name,name,50,1
144,name,name,50,1
145,name,name,50,1
146,name,name,50,1
147,name,name,50,1
148,name,name,50,1
149,name,name,50,1
150,name,name,50,1
151,name,name,50,1
152,name,name,50,1
153,name,name,50,1
154,name,name,50,1
155,name,name,50,1
156,name,name,50,1
157,name,name,50,1
158,name,name,50,1
159,name,name,50,1
160,name,name,50,1
161,name,name,50,1
162,name,name,50,1
163,name,name,50,1
164,name,name,50,1
165,name,name,50,1
166,name,name,50,1
167,name,name,50,1
168,name,name,50,1
169,name,name,50,1
170,name,name,50,1
171,name,name,50,1
172,name,name,50,1
173,name,name,50,1
174,name,name,50,1
175,name,name,50,1
176,name,name,50,1
177,name,name,50,1
178,name,name,50,1
179,name,name,50,1
180,name,name,50,1
181,name,name,50,1
182,name,name,50,1
183,name,name,50,1
184,name,name,50,1
185,name,name,50,1
186,name,name,50,1
187,name,name,50,1
188,name,name,50,1
189,name,name,50,1
190,name,name,50,1
191,name,name,50,1
192,name,name,50,1
193,name,name,50,1
194,name,name,50,1
195,name,name,50,1
196,name,name,50,1
197,name,name,50,1
198,name,name,50,1
199,name,name,50,1
200,name,name,50,1
201,name,name,50,1
202,name,name,50,1
203,name,name,50,1
204,name,name,50,1
205,name,name,50,1
206,name,name,50,1
207,name,name,50,1
208,name,name,50,1
209,name,name,50,1
210,name,name,50,1
211,name,name,50,1
212,name,name,50,1
213,name,name,50,1
214,name,name,50,1
215,name,name,50,1
216,name,name,50,1
217,name,name,50,1
218,name,name,50,1
219,name,name,50,1
220,name,name,50,1
221,name,name,50,1
222,name,name,50,1
223,name,name,50,1
224,name,name,50,1
225,name,name,50,1
226,name,name,50,1
227,name,name,50,1
228,name,name,50,1
229,name,name,50,1
230,name,name,50,1
231,name,name,50,1
232,name,name,50,1
233,name,name,50,1
234,name,name,50,1
235,name,name,50,1
236,name,name,50,1
237,name,name,50,1
238,name,name,50,1
239,name,name,50,1
240,name,name,50,1
241,name,name,50,1
242,name,name,50,1
243,name,name,50,1
244,name,name,50,1
245,name,name,50,1
246,name,name,50,1
247,name,name,50,1
248,name,name,50,1
249,name,name,50,1
250,name,name,50,1
251,name,name,50,1
252,name,name,50,1
253,name,name,50,1
254,name,name,50,1
255,name,name,50,1
256,name,name,50,1
257,name,name,50,1
258,name,name,50,1
259,name,name,50,1
260,name,name,50,1
261,name,name,50,1
262,name,name,50,1
263,name,name,50,1
264,name,name,50,1
265,name,name,50,1
266,name,name,50,1
267,name,name,50,1
268,name,name,50,1
269,name,name,50,1
270,name,name,50,1
271,name,name,50,1
272,name,name,50,1
273,name,name,50,1
274,name,name,50,1
275,name,name,50,1
276,name,name,50,1
277,name,name,50,1
278,name,name,50,1
279,name,name,50,1
280,name,name,50,1
281,name,name,50,1
282,name,name,50,1
283,name,name,50,1
284,name,name,50,1
285,name,name,50,1
286,name,name,50,1
287,name,name,50,1
288,name,name,50,1
289,name,name,50,1
290,name,name,50,1
291,name,name,50,1
292,name,name,50,1
293,name,name,50,1
294,name,name,50,1
295,name,name,50,1
296,name,name,50,1
297,name,name,50,1
298,name,name,50,1
299,name,name,50,1
300,name,name,50,1
301,name,name,50,1
302,name,name,50,1
303,name,name,50,1
304,name,name,50,1
305,name,name,50,1
306,name,name,50,1
307,name,name,50,1
308,name,name,50,1
309,name,name,50,1
310,name,name,50,1
311,name,name,50,1
312,name,name,50,1
313,name,name,50,1
314,name,name,50,1
315,name,name,50,1
316,name,name,50,1
317,name,name,50,1
318,name,name,50,1
319,name,name,50,1
320,name,name,50,1
321,name,name,50,1
322,name,name,50,1
323,name,name,50,1
324,name,name,50,1
325,name,name,50,1
326,name,name,50,1
327,name,name,50,1
328,name,name,50,1
329,name,name,50,1
330,name,name,50,1
331,name,name,50,1
332,name,name,50,1
333,name,name,50,1
334,name,name,50,1
335,name,name,50,1
336,name,name,50,1
337,name,name,50,1
338,name,name,50,1
339,name,name,50,1
340,name,name,50,1
341,name,name,50,1
342,name,name,50,1
343,name,name,50,1
344,name,name,50,1
345,name,name,50,1
346,name,name,50,1
347,name,name,50,1
348,name,name,50,1
349,name,name,50,1
350,name,name,50,1
351,name,name,50,1
352,name,name,50,1
353,name,name,50,1
354,name,name,50,1
355,name,name,50,1
356,name,name,50,1
357,name,name,50,1
358,name,name,50,1
359,name,name,50,1
360,name,name,50,1
361,name,name,50,1
362,name,name,50,1
363,name,name,50,1
364,name,name,50,1
365,name,name,50,1
366,name,name,50,1
367,name,name,50,1
368,name,name,50,1
369,name,name,50,1
370,name,name,50,1
371,name,name,50,1
372,name,name,50,1
373,name,name,50,1
374,name,name,50,1
375,name,name,50,1
376,name,name,50,1
377,name,name,50,1
378,name,name,50,1
379,name,name,50,1
380,name,name,50,1
381,name,name,50,1
382,name,name,50,1
383,name,name,50,1
384,name,name,50,1
385,name,name,50,1
386,name,name,50,1
387,name,name,50,1
388,name,name,50,1
389,name,name,50,1
390,name,name,50,1
391,name,name,50,1
392,name,name,50,1
393,name,name,50,1
394,name,name,50,1
395,name,name,50,1
396,name,name,50,1
397,name,name,50,1
398,name,name,50,1
399,name,name,50,1
400,name,name,50,1
401,name,name,50,1
402,name,name,50,1
403,name,name,50,1
404,name,name,50,1
405,name,name,50,1
406,name,name,50,1
407,name,name,50,1
408,name,name,50,1
409,name,name,50,1
410,name,name,50,1
411,name,name,50,1
412,name,name,50,1
413,name,name,50,1
414,name,name,50,1
415,name,name,50,1
416,name,name,50,1
417,name,name,50,1
418,name,name,50,1
419,name,name,50,1
420,name,name,50,1
421,name,name,50,1
422,name,name,50,1
423,name,name,50,1
424,name,name,50,1
425,name,name,50,1
426,name,name,50,1
427,name,name,50,1
428,name,name,50,1
429,name,name,50,1
430,name,name,50,1
431,name,name,50,1
432,name,name,50,1
433,name,name,50,1
434,name,name,50,1
435,name,name,50,1
436,name,name,50,1
437,name,name,50,1
438,name,name,50,1
439,name,name,50,1
440,name,name,50,1
441,name,name,50,1
442,name,name,50,1
443,name,name,50,1
444,name,name,50,1
445,name,name,50,1
446,name,name,50,1
447,name,name,50,1
448,name,name,50,1
449,name,name,50,1
450,name,name,50,1
451,name,name,50,1
452,name,name,50,1
453,name,name,50,1
454,name,name,50,1
455,name,name,50,1
456,name,name,50,1
457,name,name,50,1
458,name,name,50,1
459,name,name,50,1
460,name,name,50,1
461,name,name,50,1
462,name,name,50,1
463,name,name,50,1
464,name,name,50,1
465,name,name,50,1
466,name,name,50,1
467,name,name,50,1
468,name,name,50,1
469,name,name,50,1
470,name,name,50,1
471,name,name,50,1
472,name,name,50,1
473,name,name,50,1
474,name,name,50,1
475,name,name,50,1
476,name,name,50,1
477,name,name,50,1
478,name,name,50,1
479,name,name,50,1
480,name,name,50,1
481,name,name,50,1
482,name,name,50,1
483,name,name,50,1
484,name,name,50,1
485,name,name,50,1
486,name,name,50,1
487,name,name,50,1
488,name,name,50,1
489,name,name,50,1
490,name,name,50,1
491,name,name,50,1
492,name,name,50,1
493,name,name,50,1
494,name,name,50,1
495,name,name,50,1
496,name,name,50,1
497,name,name,50,1
498,name,name,50,1
499,name,name,50,1
500,name,name,50,1
501,name,name,50,1
502,name,name,50,1
503,name,name,50,1
504,name,name,50,1
505,name,name,50,1
506,name,name,50,1
507,name,name,50,1
508,name,name,50,1
509,name,name,50,1
510,name,name,50,1
511,name,name,50,1
512,name,name,50,1
513,name,name,50,1
514,name,name,50,1
515,name,name,50,1
516,name,name,50,1
517,name,name,50,1
518,name,name,50,1
519,name,name,50,1
520,name,name,50,1
521,name,name,50,1
522,name,name,50,1
523,name,name,50,1
524,name,name,50,1
525,name,name,50,1
526,name,name,50,1
527,name,name,50,1
528,name,name,50,1
529,name,name,50,1
530,name,name,50,1
531,name,name,50,1
532,name,name,50,1
533,name,name,50,1
534,name,name,50,1
535,name,name,50,1
536,name,name,50,1
537,name,name,50,1
538,name,name,50,1
539,name,name,50,1
540,name,name,50,1
541,name,name,50,1
542,name,name,50,1
543,name,name,50,1
544,name,name,50,1
545,name,name,50,1
546,name,name,50,1
547,name,name,50,1
548,name,name,50,1
549,name,name,50,1
550,name,name,50,1
551,name,name,50,1
552,name,name,50,1
553,name,name,50,1
554,name,name,50,1
555,name,name,50,1
556,name,name,50,1
557,name,name,50,1
558,name,name,50,1
559,name,name,50,1
560,name,name,50,1
561,name,name,50,1
562,name,name,50,1
563,name,name,50,1
564,name,name,50,1
565,name,name,50,1
566,name,name,50,1
567,name,name,50,1
568,name,name,50,1
569,name,name,50,1
570,name,name,50,1
571,name,name,50,1
572,name,name,50,1
573,name,name,50,1
574,name,name,50,1
575,name,name,50,1
576,name,name,50,1
577,name,name,50,1
578,name,name,50,1
579,name,name,50,1
580,name,name,50,1
581,name,name,50,1
582,name,name,50,1
583,name,name,50,1
584,name,name,50,1
585,name,name,50,1
586,name,name,50,1
587,name,name,50,1
588,name,name,50,1
589,name,name,50,1
590,name,name,50,1
591,name,name,50,1
592,name,name,50,1
593,name,name,50,1
594,name,name,50,1
595,name,name,50,1
596,name,name,50,1
597,name,name,50,1
598,name,name,50,1
599,name,name,50,1
600,name,name,50,1
601,name,name,50,1
602,name,name,50,1
603,name,name,50,1
604,name,name,50,1
605,name,name,50,1
606,name,name,50,1
607,name,name,50,1
608,name,name,50,1
609,name,name,50,1
610,name,name,50,1
611,name,name,50,1
612,name,name,50,1
613,name,name,50,1
614,name,name,50,1
615,name,name,50,1
616,name,name,50,1
617,name,name,50,1
618,name,name,50,1
619,name,name,50,1
620,name,name,50,1
621,name,name,50,1
622,name,name,50,1
623,name,name,50,1
624,name,name,50,1
625,name,name,50,1
626,name,name,50,1
627,name,name,50,1
628,name,name,50,1
629,name,name,50,1
630,name,name,50,1
631,name,name,50,1
632,name,name,50,1
633,name,name,50,1
634,name,name,50,1
635,name,name,50,1
636,name,name,50,1
637,name,name,50,1
638,name,name,50,1
639,name,name,50,1
640,name,name,50,1
641,name,name,50,1
642,name,name,50,1
643,name,name,50,1
644,name,name,50,1
645,name,name,50,1
646,name,name,50,1
647,name,name,50,1
648,name,name,50,1
649,name,name,50,1
650,name,name,50,1
651,name,name,50,1
652,name,name,50,1
653,name,name,50,1
654,name,name,50,1
655,name,name,50,1
656,name,name,50,1
657,name,name,50,1
658,name,name,50,1
659,name,name,50,1
660,name,name,50,1
661,name,name,50,1
662,name,name,50,1
663,name,name,50,1
664,name,name,50,1
665,name,name,50,1
666,name,name,50,1
667,name,name,50,1
668,name,name,50,1
669,name,name,50,1
670,name,name,50,1
671,name,name,50,1
672,name,name,50,1
673,name,name,50,1
674,name,name,50,1
675,name,name,50,1
676,name,name,50,1
677,name,name,50,1
678,name,name,50,1
679,name,name,50,1
680,name,name,50,1
681,name,name,50,1
682,name,name,50,1
683,name,name,50,1
684,name,name,50,1
685,name,name,50,1
686,name,name,50,1
687,name,name,50,1
688,name,name,50,1
689,name,name,50,1
690,name,name,50,1
691,name,name,50,1
692,name,name,50,1
693,name,name,50,1
694,name,name,50,1
695,name,name,50,1
696,name,name,50,1
697,name,name,50,1
698,name,name,50,1
699,name,name,50,1
700,name,name,50,1
701,name,name,50,1
702,name,name,50,1
703,name,name,50,1
704,name,name,50,1
705,name,name,50,1
706,name,name,50,1
707,name,name,50,1
708,name,name,50,1
709,name,name,50,1
710,name,name,50,1
711,name,name,50,1
712,name,name,50,1
713,name,name,50,1
714,name,name,50,1
715,name,name,50,1
716,name,name,50,1
717,name,name,50,1
718,name,name,50,1
719,name,name,50,1
720,name,name,50,1
721,name,name,50,1
722,name,name,50,1
723,name,name,50,1
724,name,name,50,1
725,name,name,50,1
726,name,name,50,1
727,name,name,50,1
728,name,name,50,1
729,name,name,50,1
730,name,name,50,1
731,name,name,50,1
732,name,name,50,1
733,name,name,50,1
734,name,name,50,1
735,name,name,50,1
736,name,name,50,1
737,name,name,50,1
738,name,name,50,1
739,name,name,50,1
740,name,name,50,1
741,name,name,50,1
742,name,name,50,1
743,name,name,50,1
744,name,name,50,1
745,name,name,50,1
746,name,name,50,1
747,name,name,50,1
748,name,name,50,1
749,name,name,50,1
750,name,name,50,1
751,name,name,50,1
752,name,name,50,1
753,name,name,50,1
754,name,name,50,1
755,name,name,50,1
756,name,name,50,1
757,name,name,50,1
758,name,name,50,1
759,name,name,50,1
760,name,name,50,1
761,name,name,50,1
762,name,name,50,1
763,name,name,50,1
764,name,name,50,1
765,name,name,50,1
766,name,name,50,1
767,name,name,50,1
768,name,name,50,1
769,name,name,50,1
770,name,name,50,1
771,name,name,50,1
772,name,name,50,1
773,name,name,50,1
774,name,name,50,1
775,name,name,50,1
776,name,name,50,1
777,name,name,50,1
778,name,name,50,1
779,name,name,50,1
780,name,name,50,1
781,name,name,50,1
782,name,name,50,1
783,name,name,50,1
784,name,name,50,1
785,name,name,50,1
786,name,name,50,1
787,name,name,50,1
788,name,name,50,1
789,name,name,50,1
790,name,name,50,1
791,name,name,50,1
792,name,name,50,1
793,name,name,50,1
794,name,name,50,1
795,name,name,50,1
796,name,name,50,1
797,name,name,50,1
798,name,name,50,1
799,name,name,50,1
800,name,name,50,1
801,name,name,50,1
802,name,name,50,1
803,name,name,50,1
804,name,name,50,1
805,name,name,50,1
806,name,name,50,1
807,name,name,50,1
808,name,name,50,1
809,name,name,50,1
810,name,name,50,1
811,name,name,50,1
812,name,name,50,1
813,name,name,50,1
814,name,name,50,1
815,name,name,50,1
816,name,name,50,1
817,name,name,50,1
818,name,name,50,1
819,name,name,50,1
820,name,name,50,1
821,name,name,50,1
822,name,name,50,1
823,name,name,50,1
824,name,name,50,1
825,name,name,50,1
826,name,name,50,1
827,name,name,50,1
828,name,name,50,1
829,name,name,50,1
830,name,name,50,1
831,name,name,50,1
832,name,name,50,1
833,name,name,50,1
834,name,name,50,1
835,name,name,50,1
836,name,name,50,1
837,name,name,50,1
838,name,name,50,1
839,name,name,50,1
840,name,name,50,1
841,name,name,50,1
842,name,name,50,1
843,name,name,50,1
844,name,name,50,1
845,name,name,50,1
846,name,name,50,1
847,name,name,50,1
848,name,name,50,1
849,name,name,50,1
850,name,name,50,1
851,name,name,50,1
852,name,name,50,1
853,name,name,50,1
854,name,name,50,1
855,name,name,50,1
856,name,name,50,1
857,name,name,50,1
858,name,name,50,1
859,name,name,50,1
860,name,name,50,1
861,name,name,50,1
862,name,name,50,1
863,name,name,50,1
864,name,name,50,1
865,name,name,50,1
866,name,name,50,1
867,name,name,50,1
868,name,name,50,1
869,name,name,50,1
870,name,name,50,1
871,name,name,50,1
872,name,name,50,1
873,name,name,50,1
874,name,name,50,1
875,name,name,50,1
876,name,name,50,1
877,name,name,50,1
878,name,name,50,1
879,name,name,50,1
880,name,name,50,1
881,name,name,50,1
882,name,name,50,1
883,name,name,50,1
884,name,name,50,1
885,name,name,50,1
886,name,name,50,1
887,name,name,50,1
888,name,name,50,1
889,name,name,50,1
890,name,name,50,1
891,name,name,50,1
892,name,name,50,1
893,name,name,50,1
894,name,name,50,1
895,name,name,50,1
896,name,name,50,1
897,name,name,50,1
898,name,name,50,1
899,name,name,50,1
900,name,name,50,1
901,name,name,50,1
902,name,name,50,1
903,name,name,50,1
904,name,name,50,1
905,name,name,50,1
906,name,name,50,1
907,name,name,50,1
908,name,name,50,1
909,name,name,50,1
910,name,name,50,1
911,name,name,50,1
912,name,name,50,1
913,name,name,50,1
914,name,name,50,1
915,name,name,50,1
916,name,name,50,1
917,name,name,50,1
918,name,name,50,1
919,name,name,50,1
920,name,name,50,1
921,name,name,50,1
922,name,name,50,1
923,name,name,50,1
924,name,name,50,1
925,name,name,50,1
926,name,name,50,1
927,name,name,50,1
928,name,name,50,1
929,name,name,50,1
930,name,name,50,1
931,name,name,50,1
932,name,name,50,1
933,name,name,50,1
934,name,name,50,1
935,name,name,50,1
936,name,name,50,1
937,name,name,50,1
938,name,name,50,1
939,name,name,50,1
940,name,name,50,1
941,name,name,50,1
942,name,name,50,1
943,name,name,50,1
944,name,name,50,1
945,name,name,50,1
946,name,name,50,1
947,name,name,50,1
948,name,name,50,1
949,name,name,50,1
950,name,name,50,1
951,name,name,50,1
952,name,name,50,1
953,name,name,50,1
954,name,name,50,1
955,name,name,50,1
956,name,name,50,1
957,name,name,50,1
958,name,name,50,1
959,name,name,50,1
960,name,name,50,1
961,name,name,50,1
962,name,name,50,1
963,name,name,50,1
964,name,name,50,1
965,name,name,50,1
966,name,name,50,1
967,name,name,50,1
968,name,name,50,1
969,name,name,50,1
970,name,name,50,1
971,name,name,50,1
972,name,name,50,1
973,name,name,50,1
974,name,name,50,1
975,name,name,50,1
976,name,name,50,1
977,name,name,50,1
978,name,name,50,1
979,name,name,50,1
980,name,name,50,1
981,name,name,50,1
982,name,name,50,1
983,name,name,50,1
984,name,name,50,1
985,name,name,50,1
986,name,name,50,1
987,name,name,50,1
988,name,name,50,1
989,name,name,50,1
990,name,name,50,1
991,name,name,50,1
992,name,name,50,1
993,name,name,50,1
994,name,name,50,1
995,name,name,50,1
996,name,name,50,1
997,name,name,50,1
998,name,name,50,1
999,name,name,50,1
1000,name,name,50,1
1001,name,name,50,1
1002,name,name,50,1
1003,name,name,50,1
1004,name,name,50,1
1005,name,name,50,1
1006,name,name,50,1
1007,name,name,50,1
1008,name,name,50,1
1009,name,name,50,1
1010,name,name,50,1
1011,name,name,50,1
1012,name,name,50,1
1013,name,name,50,1
1014,name,name,50,1
1015,name,name,50,1
1016,name,name,50,1
1017,name,name,50,1
1018,name,name,50,1
1019,name,name,50,1
1020,name,name,50,1
1021,name,name,50,1
1022,name,name,50,1
1023,name,name,50,1
1024,name,name,50,1
1025,name,name,50,1
1026,name,name,50,1
1027,name,name,50,1
1028,name,name,50,1
1029,name,name,50,1
1030,name,name,50,1
1031,name,name,50,1
1032,name,name,50,1
1033,name,name,50,1
1034,name,name,50,1
1035,name,name,50,1
1036,name,name,50,1
1037,name,name,50,1
1038,name,name,50,1
1039,name,name,50,1
1040,name,name,50,1
1041,name,name,50,1
1042,name,name,50,1
1043,name,name,50,1
1044,name,name,50,1
1045,name,name,50,1
1046,name,name,50,1
1047,name,name,50,1
1048,name,name,50,1
1049,name,name,50,1
1050,name,name,50,1
1051,name,name,50,1
1052,name,name,50,1
1053,name,name,50,1
1054,name,name,50,1
1055,name,name,50,1
1056,name,name,50,1
1057,name,name,50,1
1058,name,name,50,1
1059,name,name,50,1
1060,name,name,50,1
1061,name,name,50,1
1062,name,name,50,1
1063,name,name,50,1
1064,name,name,50,1
1065,name,name,50,1
1066,name,name,50,1
1067,name,name,50,1
1068,name,name,50,1
1069,name,name,50,1
1070,name,name,50,1
1071,name,name,50,1
1072,name,name,50,1
1073,name,name,50,1
1074,name,name,50,1
1075,name,name,50,1
1076,name,name,50,1
1077,name,name,50,1
1078,name,name,50,1
1079,name,name,50,1
1080,name,name,50,1
1081,name,name,50,1
1082,name,name,50,1
1083,name,name,50,1
1084,name,name,50,1
1085,name,name,50,1
1086,name,name,50,1
1087,name,name,50,1
1088,name,name,50,1
1089,name,name,50,1
1090,name,name,50,1
1091,name,name,50,1
1092,name,name,50,1
1093,name,name,50,1
1094,name,name,50,1
1095,name,name,50,1
1096,name,name,50,1
1097,name,name,50,1
1098,name,name,50,1
1099,name,name,50,1
1100,name,name,50,1
1101,name,name,50,1
1102,name,name,50,1
1103,name,name,50,1
1104,name,name,50,1
1105,name,name,50,1
1106,name,name,50,1
1107,name,name,50,1
1108,name,name,50,1
1109,name,name,50,1
1110,name,name,50,1
1111,name,name,50,1
1112,name,name,50,1
1113,name,name,50,1
1114,name,name,50,1
1115,name,name,50,1
1116,name,name,50,1
1117,name,name,50,1
1118,name,name,50,1
1119,name,name,50,1
1120,name,name,50,1
1121,name,name,50,1
1122,name,name,50,1
1123,name,name,50,1
1124,name,name,50,1
1125,name,name,50,1
1126,name,name,50,1
1127,name,name,50,1
1128,name,name,50,1
1129,name,name,50,1
1130,name,name,50,1
1131,name,name,50,1
1132,name,name,50,1
1133,name,name,50,1
1134,name,name,50,1
1135,name,name,50,1
1136,name,name,50,1
1137,name,name,50,1
1138,name,name,50,1
1139,name,name,50,1
1140,name,name,50,1
1141,name,name,50,1
1142,name,name,50,1
1143,name,name,50,1
1144,name,name,50,1
1145,name,name,50,1
1146,name,name,50,1
1147,name,name,50,1
1148,name,name,50,1
1149,name,name,50,1
1150,name,name,50,1
1151,name,name,50,1
1152,name,name,50,1
1153,name,name,50,1
1154,name,name,50,1
1155,name,name,50,1
1156,name,name,50,1
1157,name,name,50,1
1158,name,name,50,1
1159,name,name,50,1
1160,name,name,50,1
1161,name,name,50,1
1162,name,name,50,1
1163,name,name,50,1
1164,name,name,50,1
1165,name,name,50,1
1166,name,name,50,1
1167,name,name,50,1
1168,name,name,50,1
1169,name,name,50,1
1170,name,name,50,1
1171,name,name,50,1
1172,name,name,50,1
1173,name,name,50,1
1174,name,name,50,1
1175,name,name,50,1
1176,name,name,50,1
1177,name,name,50,1
1178,name,name,50,1
1179,name,name,50,1
1180,name,name,50,1
1181,name,name,50,1
1182,name,name,50,1
1183,name,name,50,1
1184,name,name,50,1
1185,name,name,50,1
1186,name,name,50,1
1187,name,name,50,1
1188,name,name,50,1
1189,name,name,50,1
1190,name,name,50,1
1191,name,name,50,1
1192,name,name,50,1
1193,name,name,50,1
1194,name,name,50,1
1195,name,name,50,1
1196,name,name,50,1
1197,name,name,50,1
